country,year,renewables_share_energy,fossil_share_energy,primary_energy_consumption
Africa,2008,6.764,92.41,4245.228
Africa,2009,6.812,92.393,4316.649
Africa,2010,7.134,92.056,4450.751
Africa,2011,7.273,91.965,4486.32
Africa,2012,7.023,92.245,4665.49
Africa,2013,7.222,92.009,4796.092
Africa,2014,7.547,91.726,4927.997
Africa,2015,7.497,91.876,5049.609
Africa,2016,7.294,91.962,5182.204
Africa,2017,7.723,91.595,5315.877
Africa,2018,8.086,91.373,5433.933
Africa,2019,8.441,90.956,5559.957
Africa (EI),2008,6.764,92.41,4245.228
Africa (EI),2009,6.812,92.393,4316.649
Africa (EI),2010,7.134,92.056,4450.751
Africa (EI),2011,7.273,91.965,4486.32
Africa (EI),2012,7.023,92.245,4665.49
Africa (EI),2013,7.222,92.009,4796.092
Africa (EI),2014,7.547,91.726,4927.998
Africa (EI),2015,7.497,91.876,5049.609
Africa (EI),2016,7.294,91.962,5182.204
Africa (EI),2017,7.723,91.595,5315.877
Africa (EI),2018,8.086,91.373,5433.932
Africa (EI),2019,8.441,90.956,5559.957
Algeria,2008,0.188,99.812,423.557
Algeria,2009,0.213,99.787,448.859
Algeria,2010,0.115,99.885,438.995
Algeria,2011,0.235,99.765,464.488
Algeria,2012,0.225,99.775,507.672
Algeria,2013,0.065,99.935,536.977
Algeria,2014,0.118,99.882,585.613
Algeria,2015,0.097,99.903,617.518
Algeria,2016,0.146,99.854,616.996
Algeria,2017,0.247,99.753,623.795
Algeria,2018,0.288,99.712,669.62
Algeria,2019,0.295,99.705,694.349
Argentina,2008,10.447,87.28,877.178
Argentina,2009,11.798,85.63,852.511
Argentina,2010,11.65,86.177,883.969
Argentina,2011,10.914,87.222,909.091
Argentina,2012,10.177,88.038,943.706
Argentina,2013,10.94,87.406,981.398
Argentina,2014,11.039,87.498,979.858
Argentina,2015,10.893,87.282,996.94
Argentina,2016,10.172,87.684,992.424
Argentina,2017,10.979,87.453,991.397
Argentina,2018,11.332,86.896,984.346
Argentina,2019,11.911,85.786,927.358
Asia,2008,5.629,91.94,58922.148
Asia,2009,5.484,92.04,60178.285
Asia,2010,5.975,91.593,64104.895
Asia,2011,5.898,92.194,67407.109
Asia,2012,6.493,92.2,69783.617
Asia,2013,7.001,91.718,71595.031
Asia,2014,7.566,91.099,73585.25
Asia,2015,7.918,90.614,75010.68
Asia,2016,8.415,89.983,76417.734
Asia,2017,8.882,89.492,79011.68
Asia,2018,9.384,88.873,81914.203
Asia,2019,10.028,88.005,84290.297
Asia Pacific (EI),2008,6.348,90.819,50343.051
Asia Pacific (EI),2009,6.185,90.932,51443.641
Asia Pacific (EI),2010,6.656,90.507,54725.09
Asia Pacific (EI),2011,6.624,91.152,57492.051
Asia Pacific (EI),2012,7.293,91.187,59367.41
Asia Pacific (EI),2013,7.887,90.637,60986.348
Asia Pacific (EI),2014,8.669,89.788,62547.699
Asia Pacific (EI),2015,9.0,89.296,63657.137
Asia Pacific (EI),2016,9.595,88.545,64593.582
Asia Pacific (EI),2017,10.125,87.99,66854.141
Asia Pacific (EI),2018,10.704,87.279,69671.406
Asia Pacific (EI),2019,11.202,86.523,71938.836
Australia,2008,3.681,96.319,1531.745
Australia,2009,3.92,96.08,1509.545
Australia,2010,4.313,95.687,1508.839
Australia,2011,5.688,94.312,1558.602
Australia,2012,5.688,94.312,1536.113
Australia,2013,6.512,93.488,1555.586
Australia,2014,5.967,94.033,1566.458
Australia,2015,6.282,93.718,1601.552
Australia,2016,7.186,92.814,1606.766
Australia,2017,6.743,93.257,1601.97
Australia,2018,8.278,91.722,1625.465
Australia,2019,8.874,91.126,1680.256
Austria,2008,31.33,68.67,420.009
Austria,2009,34.317,65.683,406.845
Austria,2010,31.599,68.401,420.157
Austria,2011,30.51,69.49,396.069
Austria,2012,35.895,64.105,414.524
Austria,2013,35.275,64.725,411.203
Austria,2014,36.643,63.357,394.798
Austria,2015,35.003,64.997,394.844
Austria,2016,35.699,64.301,407.984
Austria,2017,34.538,65.462,417.204
Austria,2018,34.528,65.472,408.313
Austria,2019,35.544,64.456,429.028
Azerbaijan,2008,4.116,95.884,152.393
Azerbaijan,2009,4.931,95.069,130.857
Azerbaijan,2010,7.42,92.58,128.941
Azerbaijan,2011,5.035,94.965,146.597
Azerbaijan,2012,3.303,96.697,151.168
Azerbaijan,2013,2.765,97.235,154.652
Azerbaijan,2014,2.424,97.576,157.287
Azerbaijan,2015,2.747,97.253,172.005
Azerbaijan,2016,3.331,96.669,170.489
Azerbaijan,2017,3.035,96.965,167.315
Azerbaijan,2018,3.066,96.934,171.55
Azerbaijan,2019,2.691,97.309,179.552
Bangladesh,2008,1.224,98.776,222.289
Bangladesh,2009,0.513,99.487,243.676
Bangladesh,2010,0.864,99.136,250.177
Bangladesh,2011,0.952,99.048,271.34
Bangladesh,2012,0.813,99.187,294.774
Bangladesh,2013,0.768,99.232,306.7
Bangladesh,2014,0.63,99.37,318.27
Bangladesh,2015,0.773,99.227,385.227
Bangladesh,2016,0.773,99.227,385.996
Bangladesh,2017,0.852,99.148,403.533
Bangladesh,2018,0.707,99.293,430.493
Bangladesh,2019,0.634,99.366,482.698
Belarus,2008,0.1,99.9,298.66
Belarus,2009,0.197,99.803,282.563
Belarus,2010,0.257,99.743,306.248
Belarus,2011,0.249,99.751,300.733
Belarus,2012,0.263,99.737,325.298
Belarus,2013,0.315,99.685,294.823
Belarus,2014,0.304,99.696,294.944
Belarus,2015,0.357,99.643,267.03
Belarus,2016,0.422,99.578,272.842
Belarus,2017,0.763,99.237,277.869
Belarus,2018,0.626,99.374,307.253
Belarus,2019,0.761,99.239,308.826
Belgium,2008,1.764,82.396,775.734
Belgium,2009,2.555,79.766,715.849
Belgium,2010,3.191,80.111,764.721
Belgium,2011,4.078,78.029,713.592
Belgium,2012,5.148,79.373,684.924
Belgium,2013,5.46,78.652,701.93
Belgium,2014,6.152,80.387,650.872
Belgium,2015,6.798,82.942,657.443
Belgium,2016,6.483,77.759,709.499
Belgium,2017,7.061,77.879,716.052
Belgium,2018,7.538,82.296,714.219
Belgium,2019,8.079,77.012,738.429
Brazil,2008,42.632,56.087,2939.233
Brazil,2009,45.542,53.269,2918.588
Brazil,2010,43.858,54.927,3185.037
Brazil,2011,43.935,54.808,3295.79
Brazil,2012,41.7,57.056,3392.321
Brazil,2013,39.927,58.909,3473.939
Brazil,2014,38.843,60.036,3564.418
Brazil,2015,40.034,58.884,3516.957
Brazil,2016,42.978,55.834,3432.166
Brazil,2017,42.651,56.189,3462.993
Brazil,2018,45.428,53.427,3475.968
Brazil,2019,46.808,52.037,3532.95
Bulgaria,2008,3.626,77.917,230.313
Bulgaria,2009,5.167,74.615,202.215
Bulgaria,2010,7.689,73.112,211.541
Bulgaria,2011,4.928,75.855,224.733
Bulgaria,2012,7.307,73.254,213.658
Bulgaria,2013,10.177,71.115,198.108
Bulgaria,2014,10.105,70.397,211.55
Bulgaria,2015,11.299,71.008,224.68
Bulgaria,2016,9.809,71.175,213.117
Bulgaria,2017,8.443,73.361,218.174
Bulgaria,2018,12.589,68.702,218.818
Bulgaria,2019,10.774,69.431,211.548
CIS (EI),2008,5.929,89.547,9867.938
CIS (EI),2009,6.47,88.821,9451.703
CIS (EI),2010,6.141,89.176,9835.035
CIS (EI),2011,5.739,89.735,10264.569
CIS (EI),2012,5.639,89.809,10395.003
CIS (EI),2013,6.131,89.4,10233.625
CIS (EI),2014,5.829,89.561,10331.557
CIS (EI),2015,5.791,89.13,10088.301
CIS (EI),2016,6.178,88.863,10309.377
CIS (EI),2017,6.193,88.772,10437.128
CIS (EI),2018,6.029,89.138,10855.958
CIS (EI),2019,6.176,88.878,10799.88
Canada,2008,28.591,64.764,3869.268
Canada,2009,29.211,64.34,3717.698
Canada,2010,27.808,65.802,3752.479
Canada,2011,28.648,65.033,3893.982
Canada,2012,29.004,64.65,3905.844
Canada,2013,28.981,64.302,3999.052
Canada,2014,28.198,64.891,4007.746
Canada,2015,28.815,64.709,4033.862
Canada,2016,29.699,63.798,3979.017
Canada,2017,29.773,63.867,4039.605
Canada,2018,28.892,64.878,4076.074
Canada,2019,28.665,65.061,4051.717
Central America (EI),2008,25.384,74.616,280.233
Central America (EI),2009,25.173,74.827,274.727
Central America (EI),2010,27.075,72.925,286.601
Central America (EI),2011,26.26,73.74,293.469
Central America (EI),2012,27.399,72.601,305.964
Central America (EI),2013,27.104,72.896,310.834
Central America (EI),2014,27.04,72.96,320.177
Central America (EI),2015,26.573,73.427,352.64
Central America (EI),2016,26.783,73.217,368.548
Central America (EI),2017,28.651,71.349,381.983
Central America (EI),2018,29.429,70.571,388.85
Central America (EI),2019,25.501,74.499,408.72
Chile,2008,21.595,78.405,369.306
Chile,2009,22.961,77.039,354.372
Chile,2010,19.836,80.164,363.948
Chile,2011,18.481,81.519,385.712
Chile,2012,18.747,81.253,402.747
Chile,2013,18.797,81.203,413.759
Chile,2014,20.392,79.608,409.534
Chile,2015,21.905,78.095,414.23
Chile,2016,20.18,79.82,433.903
Chile,2017,22.318,77.682,450.347
Chile,2018,24.334,75.666,468.278
Chile,2019,23.463,76.537,473.979
China,2008,7.269,92.023,26019.0
China,2009,6.936,92.373,27158.898
China,2010,7.616,91.699,29055.609
China,2011,7.084,92.18,31336.535
China,2012,8.522,90.685,32624.225
China,2013,8.958,90.18,33852.562
China,2014,10.229,88.774,34729.508
China,2015,10.833,87.907,35134.855
China,2016,11.726,86.721,35278.277
China,2017,12.292,85.979,36649.703
China,2018,12.862,85.189,38415.93
China,2019,13.439,84.367,40206.684
Colombia,2008,32.606,67.394,408.48
Colombia,2009,29.995,70.005,403.782
Colombia,2010,28.606,71.394,424.601
Colombia,2011,32.644,67.356,443.797
Colombia,2012,30.217,69.783,471.933
Colombia,2013,27.414,72.586,485.04
Colombia,2014,26.403,73.597,510.586
Colombia,2015,27.785,72.215,483.403
Colombia,2016,25.639,74.361,544.617
Colombia,2017,30.292,69.708,549.702
Colombia,2018,29.727,70.273,558.419
Colombia,2019,28.663,71.337,563.192
Croatia,2008,15.262,84.738,107.864
Croatia,2009,19.717,80.283,106.489
Croatia,2010,23.851,76.149,108.264
Croatia,2011,15.51,84.49,94.448
Croatia,2012,16.895,83.105,87.595
Croatia,2013,26.756,73.244,96.073
Croatia,2014,28.476,71.524,96.009
Croatia,2015,22.672,77.328,91.02
Croatia,2016,23.881,76.119,94.731
Croatia,2017,20.28,79.72,94.783
Croatia,2018,27.056,72.944,98.16
Croatia,2019,24.222,75.778,95.813
Czechia,2008,2.397,83.663,513.619
Czechia,2009,3.248,81.956,492.811
Czechia,2010,3.894,81.593,513.649
Czechia,2011,4.91,80.175,501.976
Czechia,2012,5.372,78.653,499.438
Czechia,2013,6.218,77.379,490.221
Czechia,2014,6.416,77.158,479.937
Czechia,2015,6.633,78.632,470.716
Czechia,2016,6.7,79.965,464.374
Czechia,2017,6.5,78.748,490.581
Czechia,2018,6.36,78.106,489.023
Czechia,2019,6.943,77.048,477.903
Denmark,2008,13.08,86.92,226.621
Denmark,2009,13.767,86.233,214.577
Denmark,2010,16.117,83.883,227.938
Denmark,2011,19.854,80.146,214.153
Denmark,2012,22.672,77.328,199.192
Denmark,2013,23.113,76.887,207.784
Denmark,2014,26.705,73.295,200.002
Denmark,2015,28.598,71.402,194.821
Denmark,2016,27.455,72.545,197.839
Denmark,2017,32.162,67.838,198.832
Denmark,2018,30.938,69.062,196.311
Denmark,2019,34.807,65.193,192.071
Eastern Africa (EI),2008,35.677,64.323,381.058
Eastern Africa (EI),2009,35.188,64.812,404.863
Eastern Africa (EI),2010,36.166,63.834,439.911
Eastern Africa (EI),2011,35.605,64.395,458.382
Eastern Africa (EI),2012,35.437,64.563,479.307
Eastern Africa (EI),2013,34.718,65.282,519.816
Eastern Africa (EI),2014,34.153,65.847,569.675
Eastern Africa (EI),2015,33.17,66.83,593.489
Eastern Africa (EI),2016,31.991,68.009,585.352
Eastern Africa (EI),2017,31.055,68.945,625.123
Eastern Africa (EI),2018,31.323,68.677,652.804
Eastern Africa (EI),2019,31.753,68.247,659.839
Ecuador,2008,22.618,77.382,143.285
Ecuador,2009,18.929,81.071,139.805
Ecuador,2010,15.956,84.044,155.194
Ecuador,2011,19.213,80.787,164.644
Ecuador,2012,19.858,80.142,173.933
Ecuador,2013,17.395,82.605,179.509
Ecuador,2014,17.305,82.695,188.563
Ecuador,2015,19.69,80.31,188.046
Ecuador,2016,23.698,76.302,187.404
Ecuador,2017,28.489,71.511,194.656
Ecuador,2018,27.487,72.513,205.892
Ecuador,2019,31.767,68.233,210.907
Egypt,2008,5.414,94.586,831.838
Egypt,2009,4.801,95.199,861.671
Egypt,2010,4.462,95.538,895.112
Egypt,2011,4.332,95.668,938.079
Egypt,2012,4.18,95.82,975.215
Egypt,2013,4.177,95.823,968.144
Egypt,2014,4.182,95.818,955.887
Egypt,2015,4.329,95.671,971.72
Egypt,2016,4.131,95.869,1025.583
Egypt,2017,3.87,96.13,1065.902
Egypt,2018,4.082,95.918,1067.152
Egypt,2019,5.17,94.83,1047.689
Estonia,2008,0.915,99.085,67.854
Estonia,2009,2.821,97.179,58.717
Estonia,2010,4.513,95.487,73.149
Estonia,2011,5.003,94.997,72.963
Estonia,2012,6.187,93.813,73.483
Estonia,2013,4.876,95.124,77.463
Estonia,2014,5.823,94.177,74.158
Estonia,2015,6.9,93.1,68.62
Estonia,2016,6.731,93.269,70.763
Estonia,2017,7.134,92.866,78.485
Estonia,2018,8.033,91.967,77.874
Estonia,2019,10.686,89.314,62.763
Europe,2008,8.78,81.111,32488.439
Europe,2009,9.668,80.092,30565.209
Europe,2010,10.043,79.87,31745.045
Europe,2011,9.978,79.914,31344.812
Europe,2012,11.051,79.061,31285.432
Europe,2013,12.021,78.185,30939.303
Europe,2014,12.671,77.171,30023.74
Europe,2015,12.978,76.984,29952.332
Europe,2016,13.102,77.26,30345.891
Europe,2017,13.136,77.347,30567.303
Europe,2018,13.798,76.841,30927.805
Europe,2019,14.279,76.259,30444.082
Europe (EI),2008,9.762,79.063,25453.5
Europe (EI),2009,10.742,78.021,23954.723
Europe (EI),2010,11.568,77.388,24884.039
Europe (EI),2011,11.667,77.183,24309.418
Europe (EI),2012,13.136,76.039,24261.098
Europe (EI),2013,14.217,75.05,24031.004
Europe (EI),2014,15.025,73.822,23133.395
Europe (EI),2015,15.659,73.633,23361.488
Europe (EI),2016,15.729,74.048,23667.6
Europe (EI),2017,15.681,74.334,23935.176
Europe (EI),2018,16.789,73.289,23946.395
Europe (EI),2019,17.722,72.309,23591.434
European Union (27),2008,8.842,78.397,18700.949
European Union (27),2009,9.943,77.487,17586.406
European Union (27),2010,10.904,76.668,18301.264
European Union (27),2011,11.105,76.403,17754.152
European Union (27),2012,12.589,75.255,17574.287
European Union (27),2013,13.742,74.163,17432.604
European Union (27),2014,14.717,72.731,16829.645
European Union (27),2015,14.823,73.255,17053.014
European Union (27),2016,14.833,73.724,17239.434
European Union (27),2017,14.687,74.221,17485.004
European Union (27),2018,15.723,73.202,17467.557
European Union (27),2019,16.464,72.271,17182.83
Finland,2008,22.497,60.703,368.496
Finland,2009,19.204,62.323,341.288
Finland,2010,19.707,63.937,371.291
Finland,2011,21.067,61.392,349.923
Finland,2012,25.105,57.13,340.459
Finland,2013,22.766,59.172,341.801
Finland,2014,24.83,56.584,329.823
Finland,2015,28.262,53.474,328.893
Finland,2016,26.694,55.464,334.083
Finland,2017,28.758,53.699,327.216
Finland,2018,28.736,53.931,333.841
Finland,2019,29.326,52.208,326.982
France,2008,7.632,53.918,3081.914
France,2009,7.706,54.56,2909.973
France,2010,8.22,53.706,2997.734
France,2011,7.218,52.152,2882.312
France,2012,9.078,52.073,2881.175
France,2013,10.291,51.61,2908.428
France,2014,10.269,48.999,2785.743
France,2015,9.986,49.688,2803.133
France,2016,10.783,51.621,2754.993
France,2017,10.245,52.554,2734.68
France,2018,11.961,50.4,2785.428
France,2019,12.201,50.772,2725.835
Germany,2008,7.818,81.986,3934.661
Germany,2009,8.454,81.752,3692.18
Germany,2010,8.792,81.477,3847.15
Germany,2011,10.567,81.73,3710.586
Germany,2012,11.9,81.144,3761.915
Germany,2013,12.063,81.359,3868.519
Germany,2014,13.335,79.86,3710.461
Germany,2015,14.878,78.848,3780.858
Germany,2016,14.66,79.682,3842.884
Germany,2017,16.246,78.747,3892.673
Germany,2018,17.135,77.781,3795.127
Germany,2019,18.817,76.047,3697.411
Greece,2008,4.134,95.866,411.585
Greece,2009,5.996,94.004,396.398
Greece,2010,8.132,91.868,378.437
Greece,2011,6.399,93.601,371.285
Greece,2012,8.402,91.598,349.302
Greece,2013,12.436,87.564,328.303
Greece,2014,11.32,88.68,307.91
Greece,2015,13.46,86.54,311.723
Greece,2016,13.663,86.337,306.97
Greece,2017,12.054,87.946,322.177
Greece,2018,13.841,86.159,324.05
Greece,2019,14.173,85.827,316.865
High-income countries,2008,7.502,83.477,69845.531
High-income countries,2009,8.118,82.637,66690.703
High-income countries,2010,8.231,82.764,69494.219
High-income countries,2011,8.814,82.724,68878.0
High-income countries,2012,9.296,82.995,68430.75
High-income countries,2013,9.712,82.669,69242.055
High-income countries,2014,10.042,82.294,68948.578
High-income countries,2015,10.339,82.172,69392.805
High-income countries,2016,10.696,81.916,69733.945
High-income countries,2017,11.108,81.686,70267.484
High-income countries,2018,11.407,81.483,71243.438
High-income countries,2019,11.82,80.899,70398.789
Hong Kong,2008,0.001,99.999,282.853
Hong Kong,2009,0.001,99.999,308.858
Hong Kong,2010,0.054,99.946,321.176
Hong Kong,2011,0.138,99.862,329.331
Hong Kong,2012,0.062,99.938,316.489
Hong Kong,2013,0.086,99.914,325.055
Hong Kong,2014,0.073,99.927,317.236
Hong Kong,2015,0.085,99.915,326.495
Hong Kong,2016,0.102,99.898,335.114
Hong Kong,2017,0.114,99.886,359.495
Hong Kong,2018,0.123,99.877,363.676
Hong Kong,2019,0.157,99.843,344.753
Hungary,2008,3.152,83.252,293.896
Hungary,2009,4.023,80.817,272.688
Hungary,2010,4.081,80.809,277.827
Hungary,2011,3.755,80.836,269.464
Hungary,2012,3.899,79.553,251.116
Hungary,2013,4.214,78.9,238.041
Hungary,2014,4.927,78.0,238.269
Hungary,2015,4.698,79.002,251.04
Hungary,2016,4.676,79.183,255.495
Hungary,2017,4.567,80.167,269.293
Hungary,2018,4.958,80.313,271.203
Hungary,2019,5.796,79.216,274.892
India,2008,7.257,92.006,5570.697
India,2009,6.492,92.756,5986.512
India,2010,6.609,92.406,6244.97
India,2011,7.575,91.13,6586.134
India,2012,6.83,91.915,6942.567
India,2013,7.454,91.332,7172.946
India,2014,7.481,91.341,7656.914
India,2015,7.282,91.468,7922.428
India,2016,7.096,91.728,8278.461
India,2017,7.605,91.283,8594.206
India,2018,8.069,90.84,9081.509
India,2019,9.015,89.758,9310.841
Indonesia,2008,3.587,96.413,1563.029
Indonesia,2009,3.672,96.328,1605.616
Indonesia,2010,4.403,95.597,1737.839
Indonesia,2011,3.479,96.521,1835.917
Indonesia,2012,3.576,96.424,1895.301
Indonesia,2013,4.456,95.544,1829.965
Indonesia,2014,4.606,95.394,1853.965
Indonesia,2015,3.919,96.081,1882.794
Indonesia,2016,5.7,94.3,1888.482
Indonesia,2017,5.551,94.449,1954.256
Indonesia,2018,7.851,92.149,2143.717
Indonesia,2019,8.366,91.634,2284.574
Iran,2008,0.923,99.077,2323.367
Iran,2009,0.816,99.184,2379.29
Iran,2010,1.196,98.804,2421.595
Iran,2011,1.191,98.798,2529.514
Iran,2012,1.373,98.477,2558.024
Iran,2013,1.53,98.05,2647.917
Iran,2014,1.45,98.166,2756.672
Iran,2015,1.316,98.355,2745.521
Iran,2016,1.452,97.971,2878.794
Iran,2017,1.574,97.831,2986.091
Iran,2018,0.929,98.505,3087.446
Iran,2019,2.841,96.662,3257.938
Iraq,2017,0.994,99.006,597.89
Iraq,2018,0.96,99.04,604.674
Iraq,2019,2.195,97.805,641.341
Ireland,2008,5.489,94.511,196.379
Ireland,2009,7.055,92.945,176.612
Ireland,2010,6.468,93.532,178.3
Ireland,2011,9.5,90.5,170.262
Ireland,2012,9.308,90.692,167.469
Ireland,2013,10.138,89.862,164.997
Ireland,2014,11.478,88.522,164.553
Ireland,2015,13.121,86.879,173.913
Ireland,2016,11.984,88.016,181.641
Ireland,2017,14.194,85.806,182.408
Ireland,2018,15.684,84.316,186.485
Ireland,2019,18.017,81.983,187.375
Israel,2008,0.07,99.93,262.745
Israel,2009,0.154,99.846,255.308
Israel,2010,0.23,99.77,265.509
Israel,2011,0.368,99.632,270.48
Israel,2012,0.526,99.474,282.94
Israel,2013,0.614,99.385,267.764
Israel,2014,1.052,98.948,261.285
Israel,2015,1.35,98.65,275.679
Israel,2016,1.841,98.159,281.284
Israel,2017,1.838,98.162,286.979
Israel,2018,1.996,98.004,291.692
Israel,2019,3.068,96.932,302.013
Italy,2008,8.195,91.805,2111.905
Italy,2009,10.586,89.414,1971.705
Italy,2010,11.431,88.569,2036.733
Italy,2011,12.443,87.557,1997.912
Italy,2012,14.166,85.834,1943.877
Italy,2013,17.611,82.389,1858.6
Italy,2014,19.74,80.26,1762.32
Italy,2015,17.51,82.49,1814.766
Italy,2016,17.232,82.768,1821.932
Italy,2017,16.371,83.629,1843.121
Italy,2018,17.727,82.272,1853.64
Italy,2019,17.865,82.135,1819.556
Japan,2008,4.833,83.99,6073.238
Japan,2009,5.023,81.695,5541.613
Japan,2010,5.724,81.095,5907.574
Japan,2011,5.777,86.515,5595.579
Japan,2012,5.693,93.454,5552.538
Japan,2013,6.179,93.129,5512.085
Japan,2014,6.999,93.001,5372.656
Japan,2015,8.143,91.636,5296.524
Japan,2016,8.07,91.062,5228.627
Japan,2017,8.739,89.858,5292.342
Japan,2018,9.424,88.208,5264.132
Japan,2019,9.67,87.101,5140.941
Kazakhstan,2008,3.285,96.715,638.147
Kazakhstan,2009,3.355,96.645,572.664
Kazakhstan,2010,3.624,96.376,614.388
Kazakhstan,2011,3.119,96.881,697.246
Kazakhstan,2012,2.857,97.143,733.17
Kazakhstan,2013,2.863,97.137,736.464
Kazakhstan,2014,2.9,97.1,773.146
Kazakhstan,2015,3.962,96.038,642.193
Kazakhstan,2016,4.448,95.552,721.457
Kazakhstan,2017,3.99,96.01,776.676
Kazakhstan,2018,3.593,96.407,803.081
Kazakhstan,2019,3.594,96.406,814.015
Latvia,2008,19.6,80.4,46.243
Latvia,2009,22.802,77.198,43.821
Latvia,2010,20.997,79.003,49.67
Latvia,2011,19.912,80.088,44.336
Latvia,2012,25.26,74.74,45.963
Latvia,2013,22.861,77.139,44.237
Latvia,2014,19.858,80.142,40.747
Latvia,2015,19.562,80.438,41.746
Latvia,2016,22.236,77.764,44.499
Latvia,2017,30.942,69.058,48.978
Latvia,2018,23.443,76.557,43.564
Latvia,2019,20.845,79.155,44.837
Lithuania,2008,2.503,70.031,97.133
Lithuania,2009,2.831,64.866,90.034
Lithuania,2010,4.735,95.265,65.757
Lithuania,2011,5.338,94.662,68.498
Lithuania,2012,5.895,94.105,68.601
Lithuania,2013,7.896,92.104,63.406
Lithuania,2014,8.228,91.772,61.163
Lithuania,2015,8.653,91.347,63.925
Lithuania,2016,9.966,90.034,65.15
Lithuania,2017,11.26,88.74,68.647
Lithuania,2018,10.193,89.807,70.799
Lithuania,2019,11.212,88.788,70.866
Lower-middle-income countries,2008,5.404,92.647,14782.303
Lower-middle-income countries,2009,5.298,92.894,15158.115
Lower-middle-income countries,2010,5.439,92.63,15833.188
Lower-middle-income countries,2011,5.766,92.219,16624.549
Lower-middle-income countries,2012,5.38,92.661,17117.727
Lower-middle-income countries,2013,6.245,91.883,17467.354
Lower-middle-income countries,2014,6.203,91.905,18111.314
Lower-middle-income countries,2015,5.973,92.156,18472.938
Lower-middle-income countries,2016,6.162,92.094,19241.176
Lower-middle-income countries,2017,6.64,91.589,19911.777
Lower-middle-income countries,2018,6.904,91.407,20977.078
Lower-middle-income countries,2019,7.512,90.811,21693.246
Luxembourg,2008,2.665,97.335,49.761
Luxembourg,2009,2.63,97.37,47.593
Luxembourg,2010,2.5,97.5,50.116
Luxembourg,2011,2.554,97.446,48.821
Luxembourg,2012,2.986,97.014,47.953
Luxembourg,2013,3.662,96.338,45.692
Luxembourg,2014,4.359,95.641,44.274
Luxembourg,2015,5.03,94.97,43.034
Luxembourg,2016,5.434,94.566,42.459
Luxembourg,2017,6.696,93.304,44.355
Luxembourg,2018,7.141,92.859,46.431
Luxembourg,2019,7.917,92.083,47.288
Malaysia,2008,2.678,97.322,932.623
Malaysia,2009,2.629,97.371,903.049
Malaysia,2010,2.33,97.67,932.974
Malaysia,2011,2.888,97.112,949.202
Malaysia,2012,3.035,96.965,1038.408
Malaysia,2013,3.52,96.48,1086.738
Malaysia,2014,3.88,96.12,1097.615
Malaysia,2015,4.051,95.949,1114.688
Malaysia,2016,5.234,94.766,1172.769
Malaysia,2017,6.662,93.338,1188.313
Malaysia,2018,6.672,93.328,1209.563
Malaysia,2019,6.763,93.237,1240.763
Mexico,2008,6.208,92.565,2153.523
Mexico,2009,4.632,94.039,2117.228
Mexico,2010,6.029,93.233,2123.579
Mexico,2011,5.663,93.134,2219.981
Mexico,2012,5.237,93.733,2239.852
Mexico,2013,4.869,93.754,2241.271
Mexico,2014,6.484,92.386,2227.508
Mexico,2015,5.891,92.751,2202.979
Mexico,2016,5.911,92.884,2252.842
Mexico,2017,6.116,92.673,2295.823
Mexico,2018,6.611,91.87,2265.69
Mexico,2019,6.911,91.825,2239.439
Middle Africa (EI),2008,28.226,71.774,162.63
Middle Africa (EI),2009,26.413,73.587,171.913
Middle Africa (EI),2010,24.706,75.294,190.146
Middle Africa (EI),2011,23.888,76.112,198.948
Middle Africa (EI),2012,21.547,78.453,216.881
Middle Africa (EI),2013,21.672,78.328,244.868
Middle Africa (EI),2014,21.973,78.027,257.266
Middle Africa (EI),2015,22.075,77.925,257.128
Middle Africa (EI),2016,22.906,77.094,258.462
Middle Africa (EI),2017,26.323,73.677,253.003
Middle Africa (EI),2018,28.307,71.693,263.437
Middle Africa (EI),2019,29.106,70.894,269.09
Middle East (EI),2008,0.522,99.478,7507.949
Middle East (EI),2009,0.457,99.543,7632.472
Middle East (EI),2010,0.606,99.394,8149.736
Middle East (EI),2011,0.614,99.382,8480.572
Middle East (EI),2012,0.694,99.263,8819.496
Middle East (EI),2013,0.739,99.138,9078.508
Middle East (EI),2014,0.628,99.26,9413.472
Middle East (EI),2015,0.532,99.375,9709.849
Middle East (EI),2016,0.64,99.195,10054.771
Middle East (EI),2017,0.672,99.154,10214.346
Middle East (EI),2018,0.535,99.295,10252.215
Middle East (EI),2019,1.345,98.498,10348.597
Morocco,2008,1.894,98.106,180.131
Morocco,2009,4.702,95.298,175.79
Morocco,2010,5.875,94.125,194.956
Morocco,2011,3.635,96.365,204.747
Morocco,2012,3.104,96.896,208.422
Morocco,2013,5.095,94.905,213.979
Morocco,2014,4.446,95.554,217.025
Morocco,2015,5.377,94.623,220.859
Morocco,2016,5.583,94.417,223.324
Morocco,2017,5.276,94.724,233.801
Morocco,2018,7.095,92.905,241.814
Morocco,2019,7.536,92.464,263.841
Netherlands,2008,2.913,96.06,1094.389
Netherlands,2009,3.43,95.515,1079.291
Netherlands,2010,3.136,95.961,1170.651
Netherlands,2011,3.662,95.355,1115.092
Netherlands,2012,3.789,95.271,1095.699
Netherlands,2013,3.741,95.547,1062.885
Netherlands,2014,3.787,95.167,1016.331
Netherlands,2015,4.163,94.818,1034.106
Netherlands,2016,4.318,94.707,1043.622
Netherlands,2017,5.011,94.162,1051.377
Netherlands,2018,5.75,93.381,1025.894
Netherlands,2019,6.976,92.055,1021.601
New Zealand,2008,34.491,65.509,230.098
New Zealand,2009,37.97,62.03,229.505
New Zealand,2010,38.803,61.197,235.125
New Zealand,2011,39.608,60.392,236.093
New Zealand,2012,36.964,63.036,237.845
New Zealand,2013,36.982,63.018,239.559
New Zealand,2014,37.563,62.437,250.677
New Zealand,2015,38.142,61.858,252.204
New Zealand,2016,38.975,61.025,254.936
New Zealand,2017,37.033,62.967,259.836
New Zealand,2018,38.037,61.963,258.494
New Zealand,2019,36.743,63.257,264.115
Non-OECD (EI),2008,8.206,90.095,70315.742
Non-OECD (EI),2009,8.242,90.102,71349.109
Non-OECD (EI),2010,8.482,89.874,75537.227
Non-OECD (EI),2011,8.254,90.099,79471.617
Non-OECD (EI),2012,8.619,89.751,82108.695
Non-OECD (EI),2013,9.082,89.317,84044.203
Non-OECD (EI),2014,9.49,88.842,86152.344
Non-OECD (EI),2015,9.635,88.585,87248.664
Non-OECD (EI),2016,10.14,88.006,88746.445
Non-OECD (EI),2017,10.517,87.588,91311.242
Non-OECD (EI),2018,10.983,87.057,94628.0
Non-OECD (EI),2019,11.455,86.455,96982.211
North America,2008,7.771,84.463,33117.926
North America,2009,8.396,83.625,31598.682
North America,2010,8.308,83.944,32495.568
North America,2011,9.319,83.068,32504.879
North America,2012,9.388,83.071,31849.27
North America,2013,9.567,82.855,32615.768
North America,2014,9.663,82.783,32878.312
North America,2015,9.894,82.57,32638.881
North America,2016,10.62,81.82,32599.564
North America,2017,11.303,81.231,32795.547
North America,2018,11.098,81.656,33747.27
North America,2019,11.372,81.353,33507.914
North America (EI),2008,7.899,84.17,32428.305
North America (EI),2009,8.533,83.318,30940.455
North America (EI),2010,8.443,83.646,31827.924
North America (EI),2011,9.471,82.756,31840.027
North America (EI),2012,9.537,82.763,31193.559
North America (EI),2013,9.709,82.56,31968.074
North America (EI),2014,9.812,82.482,32231.473
North America (EI),2015,10.052,82.258,31983.873
North America (EI),2016,10.784,81.503,31955.01
North America (EI),2017,11.47,80.915,32154.457
North America (EI),2018,11.257,81.357,33106.719
North America (EI),2019,11.536,81.047,32865.898
North Macedonia,2008,7.438,92.562,31.932
North Macedonia,2009,11.347,88.653,31.45
North Macedonia,2010,19.775,80.225,34.147
North Macedonia,2011,11.624,88.376,34.064
North Macedonia,2012,9.058,90.942,31.627
North Macedonia,2013,14.4,85.6,30.224
North Macedonia,2014,12.526,87.474,27.964
North Macedonia,2015,18.577,81.423,29.483
North Macedonia,2016,18.149,81.851,30.59
North Macedonia,2017,11.817,88.183,29.432
North Macedonia,2018,17.791,82.209,29.401
North Macedonia,2019,11.508,88.492,31.056
Norway,2008,70.057,29.943,564.522
Norway,2009,67.998,32.002,521.254
Norway,2010,65.738,34.262,500.38
Norway,2011,66.572,33.428,507.487
Norway,2012,70.37,29.63,562.048
Norway,2013,67.783,32.217,526.926
Norway,2014,69.146,30.854,542.738
Norway,2015,69.148,30.852,548.0
Norway,2016,70.526,29.474,556.1
Norway,2017,70.312,29.688,558.883
Norway,2018,69.601,30.399,550.134
Norway,2019,68.11,31.89,515.535
OECD (EI),2008,8.304,82.423,66720.367
OECD (EI),2009,8.944,81.524,63479.91
OECD (EI),2010,9.185,81.495,65788.328
OECD (EI),2011,9.891,81.335,65107.293
OECD (EI),2012,10.441,81.562,64547.02
OECD (EI),2013,10.85,81.222,65176.109
OECD (EI),2014,11.21,80.795,64646.066
OECD (EI),2015,11.682,80.444,64805.414
OECD (EI),2016,12.084,80.135,65138.125
OECD (EI),2017,12.546,79.849,65798.914
OECD (EI),2018,12.877,79.634,66774.75
OECD (EI),2019,13.413,78.965,66181.133
Oceania,2008,7.705,92.295,1761.843
Oceania,2009,8.414,91.586,1739.049
Oceania,2010,8.963,91.037,1743.964
Oceania,2011,10.151,89.849,1794.696
Oceania,2012,9.882,90.118,1773.958
Oceania,2013,10.578,89.422,1795.145
Oceania,2014,10.325,89.675,1817.135
Oceania,2015,10.617,89.383,1853.757
Oceania,2016,11.539,88.461,1861.702
Oceania,2017,10.97,89.03,1861.806
Oceania,2018,12.362,87.638,1883.959
Oceania,2019,12.659,87.341,1944.37
Pakistan,2008,10.553,88.8,727.998
Pakistan,2009,10.886,88.19,737.594
Pakistan,2010,11.175,87.911,740.76
Pakistan,2011,11.411,87.179,740.263
Pakistan,2012,4.318,94.644,687.836
Pakistan,2013,11.523,86.994,751.742
Pakistan,2014,11.496,86.939,775.935
Pakistan,2015,11.175,87.462,815.859
Pakistan,2016,11.015,87.456,888.988
Pakistan,2017,9.592,88.205,940.998
Pakistan,2018,9.339,88.242,971.03
Pakistan,2019,10.928,86.708,982.516
Peru,2008,28.834,71.166,194.644
Peru,2009,29.686,70.314,198.44
Peru,2010,26.665,73.335,225.286
Peru,2011,25.768,74.232,248.556
Peru,2012,25.905,74.095,256.725
Peru,2013,26.089,73.911,262.581
Peru,2014,25.84,74.16,268.829
Peru,2015,25.961,74.039,281.669
Peru,2016,24.635,75.365,298.938
Peru,2017,28.802,71.197,303.59
Peru,2018,29.432,70.568,318.425
Peru,2019,29.231,70.769,326.595
Philippines,2008,17.64,82.36,327.375
Philippines,2009,17.199,82.801,331.225
Philippines,2010,14.876,85.124,340.842
Philippines,2011,16.142,83.858,347.647
Philippines,2012,16.418,83.582,359.618
Philippines,2013,14.806,85.194,385.417
Philippines,2014,13.994,86.006,405.579
Philippines,2015,13.525,86.475,444.484
Philippines,2016,13.009,86.991,485.48
Philippines,2017,12.526,87.474,532.613
Philippines,2018,12.231,87.769,547.257
Philippines,2019,11.298,88.702,563.427
Poland,2008,2.208,97.792,1133.312
Poland,2009,3.066,96.934,1093.617
Poland,2010,3.454,96.546,1166.175
Poland,2011,4.043,95.957,1172.93
Poland,2012,5.229,94.771,1139.241
Poland,2013,5.171,94.829,1141.949
Poland,2014,6.056,93.944,1100.944
Poland,2015,6.562,93.438,1112.315
Poland,2016,6.05,93.95,1160.688
Poland,2017,6.191,93.809,1205.901
Poland,2018,5.851,94.149,1219.635
Poland,2019,6.989,93.011,1184.748
Portugal,2008,15.147,84.853,286.748
Portugal,2009,18.849,81.151,289.227
Portugal,2010,27.393,72.607,305.088
Portugal,2011,24.511,75.489,291.036
Portugal,2012,21.702,78.298,265.779
Portugal,2013,29.106,70.894,291.794
Portugal,2014,30.293,69.707,297.681
Portugal,2015,24.459,75.541,291.228
Portugal,2016,29.276,70.724,311.496
Portugal,2017,21.442,78.558,301.878
Portugal,2018,26.878,73.122,307.598
Portugal,2019,26.377,73.623,292.939
Romania,2008,10.973,82.336,452.447
Romania,2009,11.454,80.579,395.305
Romania,2010,14.469,77.771,398.933
Romania,2011,11.563,80.828,408.675
Romania,2012,10.953,81.369,392.96
Romania,2013,15.374,76.338,366.62
Romania,2014,18.303,73.721,380.507
Romania,2015,18.997,73.138,382.464
Romania,2016,19.693,72.729,382.57
Romania,2017,17.503,74.942,388.997
Romania,2018,18.401,74.313,396.421
Romania,2019,17.949,74.685,387.342
Russia,2008,5.867,88.576,7914.625
Russia,2009,6.485,87.687,7522.19
Russia,2010,5.932,88.26,7814.577
Russia,2011,5.585,88.749,8080.629
Russia,2012,5.531,88.723,8128.429
Russia,2013,6.163,88.221,8032.607
Russia,2014,5.857,88.312,8057.55
Russia,2015,5.737,87.894,7930.555
Russia,2016,6.147,87.612,8092.628
Russia,2017,6.101,87.527,8141.66
Russia,2018,6.031,87.816,8441.753
Russia,2019,6.193,87.497,8378.17
Slovakia,2008,6.531,72.244,212.209
Slovakia,2009,7.752,72.627,192.318
Slovakia,2010,8.702,72.409,205.5
Slovakia,2011,7.831,71.533,197.691
Slovakia,2012,8.703,69.827,189.893
Slovakia,2013,9.726,69.146,194.587
Slovakia,2014,10.568,67.187,181.12
Slovakia,2015,10.29,68.321,182.99
Slovakia,2016,10.976,68.481,184.744
Slovakia,2017,10.269,69.94,194.595
Slovakia,2018,9.377,70.923,191.296
Slovakia,2019,10.942,68.147,184.849
Slovenia,2008,13.359,68.578,93.642
Slovenia,2009,16.353,65.869,86.507
Slovenia,2010,15.926,66.687,86.66
Slovenia,2011,13.345,67.101,84.135
Slovenia,2012,15.392,66.818,81.758
Slovenia,2013,18.214,64.648,80.883
Slovenia,2014,22.34,57.701,82.972
Slovenia,2015,16.312,64.182,74.827
Slovenia,2016,17.387,64.257,79.978
Slovenia,2017,15.197,64.947,80.839
Slovenia,2018,18.003,64.217,82.48
Slovenia,2019,18.153,63.462,80.092
South Africa,2008,0.39,97.208,1459.696
South Africa,2009,0.409,97.23,1453.214
South Africa,2010,0.326,97.211,1462.799
South Africa,2011,0.731,96.906,1444.958
South Africa,2012,0.354,97.248,1422.703
South Africa,2013,0.409,97.01,1429.005
South Africa,2014,0.849,96.67,1445.511
South Africa,2015,1.356,96.412,1416.613
South Africa,2016,1.571,95.821,1480.322
South Africa,2017,2.29,95.252,1474.569
South Africa,2018,2.408,95.519,1418.704
South Africa,2019,2.323,95.415,1481.871
South America,2008,33.337,65.737,6220.29
South America,2009,34.767,64.313,6156.422
South America,2010,33.554,65.556,6498.731
South America,2011,33.816,65.319,6747.632
South America,2012,32.19,66.965,6991.987
South America,2013,31.146,68.064,7168.134
South America,2014,30.741,68.51,7245.801
South America,2015,31.297,67.921,7196.174
South America,2016,32.497,66.63,7108.929
South America,2017,33.366,65.857,7175.961
South America,2018,35.246,63.949,7106.718
South America,2019,36.469,62.644,7007.999
South Korea,2008,0.529,84.913,2796.214
South Korea,2009,0.57,85.345,2811.591
South Korea,2010,0.662,86.307,3037.211
South Korea,2011,0.745,86.367,3177.892
South Korea,2012,0.771,86.931,3216.42
South Korea,2013,1.001,87.756,3228.407
South Korea,2014,1.187,86.327,3256.654
South Korea,2015,1.351,85.801,3314.042
South Korea,2016,1.541,86.264,3412.538
South Korea,2017,1.835,87.167,3446.665
South Korea,2018,2.304,88.026,3505.189
South Korea,2019,2.704,86.646,3465.476
South and Central America (EI),2008,30.001,69.198,7190.146
South and Central America (EI),2009,31.347,67.854,7089.375
South and Central America (EI),2010,30.466,68.757,7452.979
South and Central America (EI),2011,30.783,68.459,7705.951
South and Central America (EI),2012,29.54,69.718,7953.662
South and Central America (EI),2013,28.714,70.589,8126.662
South and Central America (EI),2014,28.352,70.987,8212.818
South and Central America (EI),2015,28.767,70.547,8203.821
South and Central America (EI),2016,29.854,69.382,8122.029
South and Central America (EI),2017,30.768,68.552,8199.033
South and Central America (EI),2018,32.422,66.874,8136.121
South and Central America (EI),2019,33.246,65.983,8058.733
Spain,2008,9.948,81.196,1795.815
Spain,2009,12.662,78.845,1664.806
Spain,2010,16.743,73.66,1709.882
Spain,2011,15.473,75.417,1677.629
Spain,2012,15.89,74.416,1668.326
Spain,2013,19.901,70.737,1584.891
Spain,2014,20.089,70.335,1555.551
Spain,2015,17.508,73.09,1574.962
Spain,2016,18.61,71.919,1589.974
Spain,2017,15.682,75.089,1608.111
Spain,2018,18.231,73.121,1637.08
Spain,2019,17.376,73.361,1591.384
Sweden,2008,37.008,36.083,640.233
Sweden,2009,39.18,36.991,586.75
Sweden,2010,38.56,36.79,623.752
Sweden,2011,39.87,34.087,614.717
Sweden,2012,43.306,30.87,652.446
Sweden,2013,38.955,32.612,611.276
Sweden,2014,40.649,31.633,608.458
Sweden,2015,46.612,30.243,629.151
Sweden,2016,42.112,31.655,617.913
Sweden,2017,43.363,30.335,637.866
Sweden,2018,42.241,29.907,624.849
Sweden,2019,43.834,30.423,649.79
Switzerland,2008,29.264,50.143,360.189
Switzerland,2009,28.949,50.536,359.157
Switzerland,2010,29.909,49.888,349.78
Switzerland,2011,28.473,50.076,332.034
Switzerland,2012,31.886,48.9,350.93
Switzerland,2013,31.022,49.961,360.046
Switzerland,2014,32.349,46.657,343.728
Switzerland,2015,33.335,48.782,336.097
Switzerland,2016,32.582,50.109,316.121
Switzerland,2017,32.481,50.976,316.847
Switzerland,2018,32.541,48.198,321.795
Switzerland,2019,33.757,47.2,335.79
Taiwan,2008,1.578,89.626,1251.61
Taiwan,2009,1.525,89.332,1218.387
Taiwan,2010,1.593,89.919,1306.276
Taiwan,2011,1.669,89.755,1300.001
Taiwan,2012,2.054,89.689,1288.127
Taiwan,2013,2.045,89.679,1315.755
Taiwan,2014,1.756,90.051,1344.988
Taiwan,2015,1.833,91.154,1343.74
Taiwan,2016,2.256,91.732,1352.724
Taiwan,2017,2.183,93.573,1350.777
Taiwan,2018,2.179,92.688,1369.142
Taiwan,2019,2.717,91.202,1344.559
Thailand,2008,3.019,96.981,1079.098
Thailand,2009,3.156,96.844,1108.353
Thailand,2010,2.904,97.096,1181.046
Thailand,2011,3.575,96.425,1212.376
Thailand,2012,3.89,96.11,1301.363
Thailand,2013,3.981,96.019,1308.713
Thailand,2014,4.389,95.611,1350.987
Thailand,2015,4.316,95.684,1382.112
Thailand,2016,4.727,95.273,1410.84
Thailand,2017,5.459,94.541,1436.728
Thailand,2018,6.558,93.442,1481.883
Thailand,2019,7.15,92.85,1482.659
Trinidad and Tobago,2010,0.005,99.995,233.871
Trinidad and Tobago,2011,0.005,99.995,229.675
Trinidad and Tobago,2012,0.005,99.995,226.102
Trinidad and Tobago,2013,0.005,99.995,230.297
Trinidad and Tobago,2014,0.006,99.994,229.113
Trinidad and Tobago,2015,0.007,99.993,222.304
Trinidad and Tobago,2016,0.008,99.992,197.234
Trinidad and Tobago,2017,0.007,99.993,209.287
Trinidad and Tobago,2018,0.007,99.993,198.096
Trinidad and Tobago,2019,0.008,99.992,188.039
Turkey,2008,8.227,91.773,1178.344
Turkey,2009,8.93,91.07,1194.268
Turkey,2010,12.286,87.714,1259.821
Turkey,2011,11.927,88.073,1345.969
Turkey,2012,12.582,87.418,1429.392
Turkey,2013,13.62,86.38,1419.132
Turkey,2014,9.879,90.121,1462.148
Turkey,2015,14.111,85.889,1606.742
Turkey,2016,14.547,85.453,1687.18
Turkey,2017,13.24,86.76,1787.401
Turkey,2018,14.941,85.059,1767.596
Turkey,2019,19.35,80.65,1834.348
Ukraine,2008,2.133,82.358,1562.053
Ukraine,2009,2.548,80.751,1330.558
Ukraine,2010,2.61,80.749,1426.915
Ukraine,2011,2.099,81.702,1474.744
Ukraine,2012,2.139,81.425,1442.989
Ukraine,2013,3.047,81.064,1369.568
Ukraine,2014,2.324,78.66,1208.371
Ukraine,2015,1.953,75.48,1003.408
Ukraine,2016,2.408,77.787,1049.995
Ukraine,2017,3.029,74.564,975.331
Ukraine,2018,3.462,75.364,1011.989
Ukraine,2019,3.394,74.683,957.663
United Kingdom,2008,2.91,91.56,2559.33
United Kingdom,2009,3.549,88.831,2430.017
United Kingdom,2010,3.671,89.66,2481.533
United Kingdom,2011,4.92,87.283,2342.043
United Kingdom,2012,5.467,86.748,2379.613
United Kingdom,2013,6.971,85.243,2371.596
United Kingdom,2014,8.895,83.707,2240.112
United Kingdom,2015,10.982,81.03,2275.699
United Kingdom,2016,11.043,80.775,2251.756
United Kingdom,2017,12.913,79.113,2252.731
United Kingdom,2018,14.488,78.149,2243.542
United Kingdom,2019,16.165,77.365,2196.601
United States,2008,5.005,86.329,26405.514
United States,2009,5.8,85.224,25105.531
United States,2010,5.841,85.442,25951.863
United States,2011,6.897,84.544,25726.066
United States,2012,6.886,84.607,25047.863
United States,2013,7.135,84.423,25727.75
United States,2014,7.263,84.346,25996.219
United States,2015,7.469,84.109,25747.033
United States,2016,8.285,83.245,25723.152
United States,2017,9.082,82.537,25819.029
United States,2018,8.964,82.977,26764.953
United States,2019,9.314,82.576,26574.742
Upper-middle-income countries,2008,9.364,89.003,48123.289
Upper-middle-income countries,2009,9.365,89.022,48743.035
Upper-middle-income countries,2010,9.703,88.739,51576.102
Upper-middle-income countries,2011,9.343,89.101,54693.184
Upper-middle-income countries,2012,9.978,88.462,56622.012
Upper-middle-income countries,2013,10.252,88.187,57932.871
Upper-middle-income countries,2014,10.892,87.462,59080.539
Upper-middle-income countries,2015,11.41,86.728,59363.422
Upper-middle-income countries,2016,12.08,85.883,59944.652
Upper-middle-income countries,2017,12.505,85.37,61720.887
Upper-middle-income countries,2018,13.065,84.691,63760.137
Upper-middle-income countries,2019,13.703,83.893,65583.312
Uzbekistan,2008,2.329,97.671,529.184
Uzbekistan,2009,3.448,96.552,525.138
Uzbekistan,2010,4.281,95.719,531.186
Uzbekistan,2011,2.824,97.176,558.953
Uzbekistan,2012,3.209,96.791,543.062
Uzbekistan,2013,3.134,96.866,545.339
Uzbekistan,2014,2.972,97.028,563.814
Uzbekistan,2015,3.013,96.987,538.093
Uzbekistan,2016,3.568,96.432,515.032
Uzbekistan,2017,3.972,96.028,531.662
Uzbekistan,2018,2.927,97.073,533.657
Uzbekistan,2019,3.197,96.803,534.63
Venezuela,2008,24.759,75.241,984.145
Venezuela,2009,24.416,75.584,981.845
Venezuela,2010,22.484,77.516,946.352
Venezuela,2011,23.652,76.348,969.912
Venezuela,2012,22.079,77.921,1015.111
Venezuela,2013,21.721,78.279,1023.758
Venezuela,2014,22.202,77.798,983.08
Venezuela,2015,20.806,79.194,969.267
Venezuela,2016,20.002,79.998,844.187
Venezuela,2017,21.94,78.06,850.966
Venezuela,2018,24.067,75.933,718.198
Venezuela,2019,26.934,73.066,615.09
Vietnam,2008,16.01,83.99,457.209
Vietnam,2009,17.948,82.052,467.725
Vietnam,2010,14.712,85.288,540.225
Vietnam,2011,19.027,80.973,597.142
Vietnam,2012,23.462,76.538,624.292
Vietnam,2013,23.955,76.045,659.443
Vietnam,2014,23.183,76.817,728.148
Vietnam,2015,18.647,81.353,829.506
Vietnam,2016,19.182,80.818,899.529
Vietnam,2017,24.208,75.792,967.944
Vietnam,2018,20.762,79.238,1086.148
Vietnam,2019,15.891,84.109,1205.405
Western Africa (EI),2008,9.832,90.168,446.318
Western Africa (EI),2009,10.234,89.766,417.355
Western Africa (EI),2010,10.932,89.068,439.029
Western Africa (EI),2011,10.096,89.904,479.067
Western Africa (EI),2012,9.801,90.199,503.571
Western Africa (EI),2013,9.356,90.644,508.838
Western Africa (EI),2014,9.466,90.534,523.257
Western Africa (EI),2015,7.109,92.891,600.645
Western Africa (EI),2016,7.294,92.706,613.231
Western Africa (EI),2017,7.921,92.079,660.818
Western Africa (EI),2018,7.539,92.461,737.425
Western Africa (EI),2019,8.177,91.823,768.136
World,2008,8.254,86.36,137036.109
World,2009,8.572,86.064,134829.016
World,2010,8.809,85.974,141325.547
World,2011,8.991,86.152,144578.906
World,2012,9.421,86.147,146655.703
World,2013,9.854,85.781,149220.312
World,2014,10.227,85.392,150798.406
World,2015,10.508,85.116,152054.062
World,2016,10.963,84.674,153884.578
World,2017,11.367,84.347,157110.156
World,2018,11.766,83.986,161402.734
World,2019,12.249,83.417,163163.344
